"index","migration","journal_timestamp","snapshot_chain_valid","replay","added","removed","column_definition_changes","data_statements","explicit_transaction_control","concurrent_index_operation","file"
"0","0000_auth","1786264125825","true","PASS","table:accounts; accounts.id; accounts.user_id; accounts.account_id; accounts.provider_id; accounts.password; accounts.access_token; accounts.refresh_token; accounts.access_token_expires_at; accounts.refresh_token_expires_at; accounts.scope; accounts.id_token; accounts.created_at; accounts.updated_at; table:sessions; sessions.id; sessions.user_id; sessions.token; sessions.expires_at; sessions.ip_address; sessions.user_agent; sessions.impersonated_by; sessions.created_at; sessions.updated_at; table:sso_providers; sso_providers.id; sso_providers.provider_id; sso_providers.issuer; sso_providers.domain; sso_providers.oidc_config; sso_providers.saml_config; sso_providers.organization_id; sso_providers.domain_verified; sso_providers.user_id; sso_providers.created_at; sso_providers.updated_at; table:two_factors; two_factors.id; two_factors.secret; two_factors.backup_codes; two_factors.user_id; two_factors.verified; two_factors.failed_verification_count; two_factors.locked_until; two_factors.created_at; two_factors.updated_at; table:users; users.id; users.email; users.display_name; users.role; users.email_verified; users.image; users.two_factor_enabled; users.banned; users.ban_reason; users.ban_expires; users.created_at; users.updated_at; users.archived_at; table:verifications; verifications.id; verifications.identifier; verifications.value; verifications.expires_at; verifications.created_at; verifications.updated_at; table:org_settings; org_settings.id; org_settings.auth_mode; org_settings.magic_link_enabled; org_settings.allowed_email_domains; org_settings.created_at; org_settings.updated_at","","","true","false","false","packages/db/migrations/0000_auth.sql"
"1","0001_onboarding","1786296856518","true","PASS","org_settings.onboarding_completed_at","","","false","false","false","packages/db/migrations/0001_onboarding.sql"
"2","0002_theme","1786308506881","true","PASS","users.theme","","","false","false","false","packages/db/migrations/0002_theme.sql"
"3","0003_smtp","1786394362045","true","PASS","org_settings.smtp_url; org_settings.smtp_from","","","false","false","false","packages/db/migrations/0003_smtp.sql"
"4","0004_activity_log","1786397299991","true","PASS","table:activity_log; activity_log.id; activity_log.entity_type; activity_log.entity_id; activity_log.actor_id; activity_log.action; activity_log.visibility; activity_log.payload; activity_log.created_at","","","false","false","false","packages/db/migrations/0004_activity_log.sql"
"5","0005_org_general","1786397314294","true","PASS","org_settings.name; org_settings.logo; org_settings.default_locale; org_settings.default_timezone","","","false","false","false","packages/db/migrations/0005_org_general.sql"
"6","0006_last_active","1786422732354","true","PASS","users.last_active_at","","","true","false","false","packages/db/migrations/0006_last_active.sql"
"7","0007_timezone","1786433704100","true","PASS","users.timezone","","","false","false","false","packages/db/migrations/0007_timezone.sql"
"8","0008_contract_types","1786470787772","true","PASS","table:contract_types; contract_types.id; contract_types.slug; contract_types.display_name; contract_types.display_order; contract_types.is_system_default; contract_types.archived_at; contract_types.created_at; contract_types.updated_at","","","true","false","false","packages/db/migrations/0008_contract_types.sql"
"9","0009_contract_statuses","1786477894274","true","PASS","table:contract_statuses; contract_statuses.id; contract_statuses.slug; contract_statuses.display_name; contract_statuses.stage; contract_statuses.display_order; contract_statuses.is_system_default; contract_statuses.archived_at; contract_statuses.created_at; contract_statuses.updated_at","","","true","false","false","packages/db/migrations/0009_contract_statuses.sql"
"10","0010_fields","1786481436354","true","PASS","table:fields; fields.id; fields.slug; fields.display_name; fields.description; fields.module_scope; fields.field_type; fields.options; fields.field_tag; fields.ai_prompt; fields.archived_at; fields.created_at; fields.updated_at","","","true","false","false","packages/db/migrations/0010_fields.sql"
"11","0011_type_editor","1786482049932","true","PASS","table:contract_type_fields; contract_type_fields.contract_type_id; contract_type_fields.field_id; contract_type_fields.display_order; contract_type_fields.is_required; contract_type_fields.created_at; contract_types.description","","","false","false","false","packages/db/migrations/0011_type_editor.sql"
"12","0012_matter_types","1786483851677","true","PASS","table:matter_type_fields; matter_type_fields.matter_type_id; matter_type_fields.field_id; matter_type_fields.display_order; matter_type_fields.is_required; matter_type_fields.created_at; table:matter_types; matter_types.id; matter_types.slug; matter_types.display_name; matter_types.description; matter_types.display_order; matter_types.is_system_default; matter_types.archived_at; matter_types.created_at; matter_types.updated_at","","","true","false","false","packages/db/migrations/0012_matter_types.sql"
"13","0013_type_field_field_id_indexes","1786530235592","true","PASS","","","","false","false","false","packages/db/migrations/0013_type_field_field_id_indexes.sql"
"14","0014_entity_types","1786547744811","true","PASS","table:entity_types; entity_types.id; entity_types.slug; entity_types.display_name; entity_types.description; entity_types.display_order; entity_types.is_system_default; entity_types.archived_at; entity_types.created_at; entity_types.updated_at","","","true","false","false","packages/db/migrations/0014_entity_types.sql"
"15","0015_entities","1786550781239","true","PASS","table:entities; entities.id; entities.legal_name; entities.entity_type_id; entities.jurisdiction; entities.formed_on; entities.registration_number; entities.tax_id; entities.registered_agent; entities.registered_address; entities.status; entities.created_at; entities.updated_at; entities.archived_at","","","false","false","false","packages/db/migrations/0015_entities.sql"
"16","0016_contracts","1786566014456","true","PASS","table:contracts; contracts.id; contracts.number; contracts.title; contracts.contract_type_id; contracts.status_id; contracts.priority; contracts.risk; contracts.description; contracts.created_at; contracts.updated_at; contracts.archived_at","","","false","false","false","packages/db/migrations/0016_contracts.sql"
"17","0017_contract_team","1786569621470","true","PASS","table:contract_team; contract_team.contract_id; contract_team.user_id; contract_team.role; contract_team.created_at; contracts.manager_id","","","false","false","false","packages/db/migrations/0017_contract_team.sql"
"18","0018_contract_signing_entity","1786572699619","true","PASS","contracts.entity_id","","","false","false","false","packages/db/migrations/0018_contract_signing_entity.sql"
"19","0019_counterparties","1786575433642","true","PASS","table:contract_counterparties; contract_counterparties.contract_id; contract_counterparties.counterparty_id; contract_counterparties.is_primary; contract_counterparties.created_at; table:counterparties; counterparties.id; counterparties.name; counterparties.jurisdiction; counterparties.primary_contact_name; counterparties.primary_contact_email; counterparties.address; counterparties.notes; counterparties.created_at; counterparties.updated_at; counterparties.archived_at","","","false","false","false","packages/db/migrations/0019_counterparties.sql"
"20","0020_contract_value","1786578598089","true","PASS","contracts.value_amount; contracts.value_currency; contracts.value_cadence","","","false","false","false","packages/db/migrations/0020_contract_value.sql"
"21","0021_contract_value_bound","1786580681348","true","PASS","","","","false","false","false","packages/db/migrations/0021_contract_value_bound.sql"
"22","0022_contract_custom_fields","1786581450911","true","PASS","contracts.custom_fields","","","false","false","false","packages/db/migrations/0022_contract_custom_fields.sql"
"23","0023_comments","1786617355311","true","PASS","table:comments; comments.id; comments.entity_type; comments.entity_id; comments.author_id; comments.body; comments.visibility; comments.edited_at; comments.deleted_at; comments.created_at; comments.updated_at","","","false","false","false","packages/db/migrations/0023_comments.sql"
"24","0024_comment_mentions","1786621211673","true","PASS","table:comment_mentions; comment_mentions.comment_id; comment_mentions.user_id","","","false","false","false","packages/db/migrations/0024_comment_mentions.sql"
"25","0025_comment_revisions","1786626379156","true","PASS","table:comment_revisions; comment_revisions.id; comment_revisions.comment_id; comment_revisions.body; comment_revisions.replaced_at; comments.redacted_at","","","false","false","false","packages/db/migrations/0025_comment_revisions.sql"
"26","0026_comment_last_read","1786629029580","true","PASS","table:comment_last_read; comment_last_read.user_id; comment_last_read.entity_type; comment_last_read.entity_id; comment_last_read.read_at","","","false","false","false","packages/db/migrations/0026_comment_last_read.sql"
"27","0027_audit_log_created_at_idx","1786640218702","true","PASS","","","","false","false","false","packages/db/migrations/0027_audit_log_created_at_idx.sql"
"28","0028_contract_confidential","1786650506463","true","PASS","contracts.is_confidential","","","false","false","false","packages/db/migrations/0028_contract_confidential.sql"
"29","0029_documents","1786691613158","true","PASS","table:document_versions; document_versions.id; document_versions.document_id; document_versions.version_number; document_versions.file_ref; document_versions.kind; document_versions.note; document_versions.original_filename; document_versions.mime_type; document_versions.byte_size; document_versions.checksum_sha256; document_versions.created_by; document_versions.created_at; table:documents; documents.id; documents.title; documents.contract_id; documents.created_by; documents.created_at; documents.updated_at","","","false","false","false","packages/db/migrations/0029_documents.sql"
"30","0030_document_description","1786693131336","true","PASS","documents.description","","","false","false","false","packages/db/migrations/0030_document_description.sql"
"31","0031_documents_designations","1786697971001","true","PASS","contracts.primary_document_id; documents.executed_version_id","","","false","false","false","packages/db/migrations/0031_documents_designations.sql"
"32","0032_document_archive","1786700413069","true","PASS","documents.archived_at","","","false","false","false","packages/db/migrations/0032_document_archive.sql"
"33","0033_document_confidential","1786703174841","true","PASS","documents.is_confidential","","","false","false","false","packages/db/migrations/0033_document_confidential.sql"
"34","0034_document_version_text","1786740142507","true","PASS","table:document_version_text; document_version_text.version_id; document_version_text.state; document_version_text.source; document_version_text.text; document_version_text.created_at; document_version_text.updated_at","","","false","false","false","packages/db/migrations/0034_document_version_text.sql"
"35","0035_document_version_rendition","1786743755409","true","PASS","table:document_version_rendition; document_version_rendition.version_id; document_version_rendition.state; document_version_rendition.file_ref; document_version_rendition.byte_size; document_version_rendition.created_at; document_version_rendition.updated_at","","","false","false","false","packages/db/migrations/0035_document_version_rendition.sql"
"36","0036_document_version_email_body","1786747156387","true","PASS","","","","false","false","false","packages/db/migrations/0036_document_version_email_body.sql"
"37","0037_lyrical_madelyne_pryor","1786788328611","true","PASS","table:document_folders; document_folders.id; document_folders.contract_id; document_folders.parent_id; document_folders.name; document_folders.created_at; document_folders.updated_at","","","false","false","false","packages/db/migrations/0037_lyrical_madelyne_pryor.sql"
"38","0038_document_folder_id","1786792119035","true","PASS","documents.folder_id","","","false","false","false","packages/db/migrations/0038_document_folder_id.sql"
"39","0039_approver_groups","1786819496501","true","PASS","table:approver_group_members; approver_group_members.group_id; approver_group_members.user_id; approver_group_members.created_at; table:approver_groups; approver_groups.id; approver_groups.name; approver_groups.description; approver_groups.archived_at; approver_groups.created_at; approver_groups.updated_at","","","false","false","false","packages/db/migrations/0039_approver_groups.sql"
"40","0040_contract_approvals","1786824011634","true","PASS","table:contract_approvals; contract_approvals.id; contract_approvals.contract_id; contract_approvals.approver_id; contract_approvals.source; contract_approvals.group_id; contract_approvals.status; contract_approvals.note; contract_approvals.requested_by; contract_approvals.decided_at; contract_approvals.created_at; contract_approvals.updated_at","","","false","false","false","packages/db/migrations/0040_contract_approvals.sql"
"41","0041_approval_enum_checks","1786852805859","true","PASS","","","","false","false","false","packages/db/migrations/0041_approval_enum_checks.sql"
"42","0042_signing_connectors","1786859988192","true","PASS","table:signing_connectors; signing_connectors.id; signing_connectors.provider; signing_connectors.environment; signing_connectors.integration_key; signing_connectors.api_user_id; signing_connectors.private_key; signing_connectors.webhook_secret; signing_connectors.created_at; signing_connectors.updated_at","","","false","false","false","packages/db/migrations/0042_signing_connectors.sql"
"43","0043_contract_envelopes","1786863752148","true","PASS","table:contract_envelope_signers; contract_envelope_signers.id; contract_envelope_signers.envelope_id; contract_envelope_signers.name; contract_envelope_signers.email; contract_envelope_signers.signing_order; contract_envelope_signers.created_at; table:contract_envelopes; contract_envelopes.id; contract_envelopes.contract_id; contract_envelopes.provider; contract_envelopes.provider_envelope_id; contract_envelopes.status; contract_envelopes.document_version_id; contract_envelopes.sent_by; contract_envelopes.reason; contract_envelopes.executed_fetch; contract_envelopes.sent_at; contract_envelopes.completed_at; contract_envelopes.created_at; contract_envelopes.updated_at","","","false","false","false","packages/db/migrations/0043_contract_envelopes.sql"
"44","0044_envelope_executed_version","1786873050250","true","PASS","contract_envelopes.executed_version_id","","","false","false","false","packages/db/migrations/0044_envelope_executed_version.sql"
"45","0045_signing_connector_disabled_at","1786889159672","true","PASS","signing_connectors.disabled_at","","","false","false","false","packages/db/migrations/0045_signing_connector_disabled_at.sql"
"46","0046_contract_term","1786912509479","true","PASS","contracts.term_type; contracts.effective_date; contracts.expiry_date; contracts.renewal_period_months; contracts.notice_period_days","","","false","false","false","packages/db/migrations/0046_contract_term.sql"
"47","0047_contract_key_dates","1786918236654","true","PASS","table:contract_key_dates; contract_key_dates.id; contract_key_dates.contract_id; contract_key_dates.date; contract_key_dates.label; contract_key_dates.note; contract_key_dates.created_at; contract_key_dates.updated_at","","","false","false","false","packages/db/migrations/0047_contract_key_dates.sql"
"48","0048_contract_relations","1786928484229","true","PASS","table:contract_relations; contract_relations.from_contract_id; contract_relations.to_contract_id; contract_relations.relation_type; contract_relations.created_at; contracts.parent_id","","","false","false","false","packages/db/migrations/0048_contract_relations.sql"
"49","0049_contract_tasks","1786930000000","true","PASS","table:contract_tasks; contract_tasks.id; contract_tasks.contract_id; contract_tasks.title; contract_tasks.is_done; contract_tasks.assignee_id; contract_tasks.due_date; contract_tasks.display_order; contract_tasks.created_at; contract_tasks.updated_at","","","false","false","false","packages/db/migrations/0049_contract_tasks.sql"
"50","0050_contract_ended_at","1786964473410","true","PASS","contracts.ended_at","","","false","false","false","packages/db/migrations/0050_contract_ended_at.sql"
"51","0051_list_views","1786984328813","true","PASS","table:list_views; list_views.id; list_views.user_id; list_views.surface; list_views.name; list_views.config; list_views.is_default; list_views.created_at; list_views.updated_at","","","false","false","false","packages/db/migrations/0051_list_views.sql"
"52","0052_notifications","1786997427057","true","PASS","table:notification_preferences; notification_preferences.user_id; notification_preferences.event_group; notification_preferences.channel; notification_preferences.enabled; notification_preferences.created_at; notification_preferences.updated_at; table:notifications; notifications.id; notifications.user_id; notifications.event_type; notifications.entity_type; notifications.entity_id; notifications.payload; notifications.read_at; notifications.email_owed; notifications.emailed_at; notifications.email_skipped_at; notifications.reminder_date; notifications.reminder_offset_days; notifications.created_at","","","false","false","false","packages/db/migrations/0052_notifications.sql"
"53","0053_reminder_offsets","1787035572275","true","PASS","org_settings.reminder_offset_days","","","false","false","false","packages/db/migrations/0053_reminder_offsets.sql"
"54","0054_reminder_dedup_entity_type","1787062297741","true","PASS","","","","false","true","true","packages/db/migrations/0054_reminder_dedup_entity_type.sql"
"55","0055_document_version_draft_theirs","1787088063181","true","PASS","","","","false","true","false","packages/db/migrations/0055_document_version_draft_theirs.sql"
"56","0056_redlining_status_rename","1787162389449","true","PASS","","","","true","false","false","packages/db/migrations/0056_redlining_status_rename.sql"
"57","0057_request_types","1787169701880","true","PASS","table:request_types; request_types.id; request_types.slug; request_types.display_name; request_types.description; request_types.display_order; request_types.is_system_default; request_types.archived_at; request_types.created_at; request_types.updated_at; request_types.target_module; request_types.target_matter_type_id; request_types.target_contract_type_id","","","true","false","false","packages/db/migrations/0057_request_types.sql"
"58","0058_request_type_fields","1787176827528","true","PASS","table:request_type_fields; request_type_fields.request_type_id; request_type_fields.field_id; request_type_fields.display_order; request_type_fields.is_required; request_type_fields.created_at","","","false","false","false","packages/db/migrations/0058_request_type_fields.sql"
"59","0059_intake_links","1787179691219","true","PASS","table:intake_links; intake_links.id; intake_links.label; intake_links.url; intake_links.request_type_id; intake_links.display_order; intake_links.created_at; intake_links.updated_at","","","false","false","false","packages/db/migrations/0059_intake_links.sql"
"60","0060_account_issuer","1787250418799","true","PASS","accounts.issuer","","","true","true","false","packages/db/migrations/0060_account_issuer.sql"
"61","0061_requests","1787265420757","true","PASS","table:requests; requests.id; requests.number; requests.request_type_id; requests.requester_id; requests.status; requests.summary; requests.description; requests.urgency; requests.custom_fields; requests.converted_matter_id; requests.converted_contract_id; requests.declined_reason; requests.created_at; requests.updated_at; requests.archived_at","","","false","false","false","packages/db/migrations/0061_requests.sql"
"62","0062_request_attachments","1787272371375","true","PASS","table:request_attachments; request_attachments.id; request_attachments.request_id; request_attachments.file_ref; request_attachments.filename; request_attachments.uploaded_by; request_attachments.created_at","","","false","false","false","packages/db/migrations/0062_request_attachments.sql"
"63","0063_request_form_required_reference","1787301092990","true","PASS","","","contracts.number; requests.number","true","false","false","packages/db/migrations/0063_request_form_required_reference.sql"
"64","0064_keyset_id_tiebreak","1787312080533","true","PASS","","","contracts.number; requests.number","false","true","false","packages/db/migrations/0064_keyset_id_tiebreak.sql"
"65","0065_approver_group_name_unique","1787312132167","true","PASS","","","","true","true","false","packages/db/migrations/0065_approver_group_name_unique.sql"
"66","0066_envelope_signer_email_unique","1787312192015","true","PASS","","","","false","true","false","packages/db/migrations/0066_envelope_signer_email_unique.sql"
"67","0067_request_converted_contract_idx","1787380054061","true","PASS","","","","false","false","false","packages/db/migrations/0067_request_converted_contract_idx.sql"
"68","0068_glorious_mockingbird","1787418183758","true","PASS","table:comment_attachments; comment_attachments.id; comment_attachments.comment_id; comment_attachments.file_ref; comment_attachments.filename; comment_attachments.uploaded_by; comment_attachments.filed_document_id; comment_attachments.filed_version_id; comment_attachments.created_at","","","false","true","false","packages/db/migrations/0068_glorious_mockingbird.sql"
"69","0069_document_version_generated_kind","1787421274510","true","PASS","","","","false","true","false","packages/db/migrations/0069_document_version_generated_kind.sql"
"70","0070_nappy_thunderbolt","1787428075967","true","PASS","","","","true","true","false","packages/db/migrations/0070_nappy_thunderbolt.sql"
"71","0071_parched_ronan","1787448631767","true","PASS","table:matter_statuses; matter_statuses.id; matter_statuses.slug; matter_statuses.display_name; matter_statuses.category; matter_statuses.display_order; matter_statuses.is_system_default; matter_statuses.archived_at; matter_statuses.created_at; matter_statuses.updated_at; table:matter_team; matter_team.matter_id; matter_team.user_id; matter_team.role; matter_team.created_at; table:matters; matters.id; matters.number; matters.title; matters.description; matters.matter_type_id; matters.status_id; matters.manager_id; matters.priority; matters.risk; matters.custom_fields; matters.opened_at; matters.closed_at; matters.is_confidential; matters.created_by; matters.created_at; matters.updated_at; matters.archived_at","","","true","false","false","packages/db/migrations/0071_parched_ronan.sql"
"72","0072_hot_annihilus","1787464396578","true","PASS","document_folders.matter_id; documents.matter_id","","document_folders.contract_id; documents.contract_id","false","false","false","packages/db/migrations/0072_hot_annihilus.sql"
"73","0073_shocking_raider","1787509886472","true","PASS","table:matter_key_dates; matter_key_dates.id; matter_key_dates.matter_id; matter_key_dates.date; matter_key_dates.label; matter_key_dates.note; matter_key_dates.created_at; matter_key_dates.updated_at","","","false","false","false","packages/db/migrations/0073_shocking_raider.sql"
"74","0074_bored_felicia_hardy","1787515496982","true","PASS","table:matter_tasks; matter_tasks.id; matter_tasks.matter_id; matter_tasks.title; matter_tasks.is_done; matter_tasks.assignee_id; matter_tasks.due_date; matter_tasks.display_order; matter_tasks.created_at; matter_tasks.updated_at","","","false","false","false","packages/db/migrations/0074_bored_felicia_hardy.sql"
"75","0075_watery_war_machine","1787518876766","true","PASS","table:matter_relations; matter_relations.matter_a_id; matter_relations.matter_b_id; matter_relations.created_by; matter_relations.created_at; matters.parent_id","","","false","false","false","packages/db/migrations/0075_watery_war_machine.sql"
"76","0076_thankful_cerebro","1787522499785","true","PASS","contracts.matter_id","","","false","false","false","packages/db/migrations/0076_thankful_cerebro.sql"
"77","0077_fearless_maximus","1787723847169","true","PASS","table:matter_templates; matter_templates.id; matter_templates.matter_type_id; matter_templates.name; matter_templates.description; matter_templates.default_priority; matter_templates.default_risk; matter_templates.default_custom_fields; matter_templates.title_prefix; matter_templates.archived_at; matter_templates.created_at; matter_templates.updated_at","","","false","true","false","packages/db/migrations/0077_fearless_maximus.sql"
"78","0078_matter_template_name_unique","1787725336473","true","PASS","","","","false","false","false","packages/db/migrations/0078_matter_template_name_unique.sql"
"79","0079_gigantic_lester","1787726571848","true","PASS","table:matter_template_key_dates; matter_template_key_dates.id; matter_template_key_dates.matter_template_id; matter_template_key_dates.label; matter_template_key_dates.offset_days; matter_template_key_dates.note; matter_template_key_dates.display_order; table:matter_template_tasks; matter_template_tasks.id; matter_template_tasks.matter_template_id; matter_template_tasks.title; matter_template_tasks.due_offset_days; matter_template_tasks.assignee_role; matter_template_tasks.display_order","","","false","true","false","packages/db/migrations/0079_gigantic_lester.sql"
"80","0080_calm_cloak","1787840501945","true","PASS","contracts.search_vector; counterparties.search_vector; document_version_text.search_vector; documents.search_vector; entities.search_vector; matters.search_vector; requests.search_vector","","","false","false","false","packages/db/migrations/0080_calm_cloak.sql"
"81","0081_bright_talkback","1787846071304","true","PASS","document_version_text.email_subject","","","false","false","false","packages/db/migrations/0081_bright_talkback.sql"
"82","0082_great_betty_ross","1788031978333","true","PASS","document_folders.entity_id; documents.entity_id; entities.shares_authorized; entities.shares_issued; entities.par_value; entities.custom_fields; entities.is_confidential; table:entity_grants; entity_grants.entity_id; entity_grants.user_id; entity_grants.created_at; table:entity_holdings; entity_holdings.owner_entity_id; entity_holdings.owned_entity_id; entity_holdings.ownership_percent; entity_holdings.created_at; entity_holdings.updated_at; table:entity_obligations; entity_obligations.id; entity_obligations.entity_id; entity_obligations.label; entity_obligations.registration_id; entity_obligations.recurrence_months; entity_obligations.next_due_on; entity_obligations.assignee_id; entity_obligations.note; entity_obligations.matter_id; entity_obligations.completed_on; entity_obligations.created_at; entity_obligations.updated_at; table:entity_officers; entity_officers.id; entity_officers.entity_id; entity_officers.name; entity_officers.officer_role_id; entity_officers.appointed_on; entity_officers.resigned_on; entity_officers.user_id; entity_officers.created_at; entity_officers.updated_at; table:entity_registrations; entity_registrations.id; entity_registrations.entity_id; entity_registrations.jurisdiction; entity_registrations.registration_number; entity_registrations.registered_agent; entity_registrations.status; entity_registrations.created_at; entity_registrations.updated_at; table:entity_type_fields; entity_type_fields.entity_type_id; entity_type_fields.field_id; entity_type_fields.display_order; entity_type_fields.is_required; entity_type_fields.created_at; table:officer_roles; officer_roles.id; officer_roles.slug; officer_roles.display_name; officer_roles.description; officer_roles.display_order; officer_roles.is_system_default; officer_roles.archived_at; officer_roles.created_at; officer_roles.updated_at","","","true","false","false","packages/db/migrations/0082_great_betty_ross.sql"
"83","0083_wide_inhumans","1788096935030","true","PASS","documents.knowledge_item_id; intake_links.knowledge_item_id; table:knowledge_folders; knowledge_folders.id; knowledge_folders.parent_id; knowledge_folders.name; knowledge_folders.display_order; knowledge_folders.created_at; knowledge_folders.updated_at; table:knowledge_items; knowledge_items.id; knowledge_items.title; knowledge_items.knowledge_type_id; knowledge_items.body; knowledge_items.folder_id; knowledge_items.state; knowledge_items.audience; knowledge_items.primary_document_id; knowledge_items.replaced_by_id; knowledge_items.published_at; knowledge_items.created_by; knowledge_items.updated_by; knowledge_items.created_at; knowledge_items.updated_at; knowledge_items.archived_at; knowledge_items.search_vector; table:knowledge_types; knowledge_types.id; knowledge_types.slug; knowledge_types.display_name; knowledge_types.description; knowledge_types.display_order; knowledge_types.is_system_default; knowledge_types.archived_at; knowledge_types.created_at; knowledge_types.updated_at","","intake_links.url","true","false","false","packages/db/migrations/0083_wide_inhumans.sql"
"84","0084_lush_ender_wiggin","1788190784636","true","PASS","","","","false","true","false","packages/db/migrations/0084_lush_ender_wiggin.sql"
"85","0085_loud_scourge","1788362397610","true","PASS","table:ai_connector; ai_connector.id; ai_connector.preset; ai_connector.protocol; ai_connector.base_url; ai_connector.api_key; ai_connector.model; ai_connector.disabled_at; ai_connector.created_at; ai_connector.updated_at","","","false","false","false","packages/db/migrations/0085_loud_scourge.sql"
"86","0086_free_invisible_woman","1788371351337","true","PASS","table:ai_field_prompts; ai_field_prompts.slug; ai_field_prompts.prompt; ai_field_prompts.updated_at; table:contract_analysis_runs; contract_analysis_runs.id; contract_analysis_runs.contract_id; contract_analysis_runs.version_id; contract_analysis_runs.state; contract_analysis_runs.trigger; contract_analysis_runs.requested_by; contract_analysis_runs.preset; contract_analysis_runs.model; contract_analysis_runs.truncated; contract_analysis_runs.outcome; contract_analysis_runs.failure; contract_analysis_runs.started_at; contract_analysis_runs.finished_at; contracts.ai_unverified","","","false","false","false","packages/db/migrations/0086_free_invisible_woman.sql"
"87","0087_acoustic_gorilla_man","1788458045947","true","PASS","table:document_comparisons; document_comparisons.id; document_comparisons.document_id; document_comparisons.from_version_id; document_comparisons.to_version_id; document_comparisons.mode; document_comparisons.state; document_comparisons.change_model; document_comparisons.change_count; document_comparisons.redline_file_ref; document_comparisons.failure; document_comparisons.requested_by; document_comparisons.created_at; document_comparisons.finished_at","","","false","false","false","packages/db/migrations/0087_acoustic_gorilla_man.sql"
"88","0088_document-version-provenance","1788477813470","true","PASS","document_versions.source; document_versions.compared_from_version_id; document_versions.compared_to_version_id","","","false","true","false","packages/db/migrations/0088_document-version-provenance.sql"
"89","0089_document-version-provenance-indexes","1788518568969","true","PASS","","","","false","false","false","packages/db/migrations/0089_document-version-provenance-indexes.sql"
"90","0090_onboarding_reviewed_types","1788630266749","true","PASS","org_settings.onboarding_reviewed_types_at","","","false","false","false","packages/db/migrations/0090_onboarding_reviewed_types.sql"
"91","0091_account_issuer_retired","1788676706424","true","PASS","","accounts.issuer","","false","false","false","packages/db/migrations/0091_account_issuer_retired.sql"
"92","0092_request_triage_assignee","1788772249117","true","PASS","requests.assignee_id","","","false","false","false","packages/db/migrations/0092_request_triage_assignee.sql"
"93","0093_matter_status_groups_and_documents","1788773153222","true","PASS","matter_statuses.progression_group","","","true","true","false","packages/db/migrations/0093_matter_status_groups_and_documents.sql"
"94","0094_fantastic_deathbird","1788803996643","true","PASS","contract_tasks.description; matter_tasks.description","","","false","false","false","packages/db/migrations/0094_fantastic_deathbird.sql"
"95","0095_signing_update_mode","1788902516947","true","PASS","contract_envelopes.next_reconcile_at; signing_connectors.update_mode; signing_connectors.webhook_url","","","false","false","false","packages/db/migrations/0095_signing_update_mode.sql"
"96","0096_entity_par_value_currency","1789023198450","true","PASS","entities.par_value_currency","","","false","false","false","packages/db/migrations/0096_entity_par_value_currency.sql"
"97","0097_currencies_in_use","1789031726092","true","PASS","org_settings.currencies_in_use","","","true","false","false","packages/db/migrations/0097_currencies_in_use.sql"
"98","0098_distinct_key_date_reminders","1789055170744","true","PASS","","","","false","true","true","packages/db/migrations/0098_distinct_key_date_reminders.sql"
"99","0099_contract_portal_access","1789055170745","true","PASS","table:contract_stakeholders; contract_stakeholders.contract_id; contract_stakeholders.user_id; contract_stakeholders.created_at; contracts.business_owner_id","","","true","false","false","packages/db/migrations/0099_contract_portal_access.sql"
"100","0100_request_return_estimates","1789056936950","true","PASS","request_types.turnaround_days; requests.expected_by","","","false","false","false","packages/db/migrations/0100_request_return_estimates.sql"
"101","0101_key_date_reminders","1789057041755","true","PASS","contract_key_dates.reminder_offset_days; contract_key_dates.reminder_recipient_ids; matter_key_dates.reminder_offset_days; matter_key_dates.reminder_recipient_ids","","","false","false","false","packages/db/migrations/0101_key_date_reminders.sql"
"102","0102_high_leo","1789075500640","true","PASS","ai_connector.matter_preparation; table:conversion_drafts; conversion_drafts.id; conversion_drafts.request_id; conversion_drafts.actor_id; conversion_drafts.target_module; conversion_drafts.target_type_id; conversion_drafts.snapshot; conversion_drafts.state; conversion_drafts.model; conversion_drafts.suggestions; conversion_drafts.conflicts; conversion_drafts.warnings; conversion_drafts.failure; conversion_drafts.started_at; conversion_drafts.created_at; conversion_drafts.finished_at; matters.ai_unverified","","","false","false","false","packages/db/migrations/0102_high_leo.sql"
"103","0103_minor_revanche","1789082486485","true","PASS","conversion_drafts.attachment_reads; request_attachments.promoted_version_id","","","false","false","false","packages/db/migrations/0103_minor_revanche.sql"
"104","0104_contract_preparation","1789089711595","true","PASS","ai_connector.contract_preparation","","","false","false","false","packages/db/migrations/0104_contract_preparation.sql"
"105","0105_flowery_doctor_spectrum","1789096552081","true","PASS","ai_connector.contract_conversion_analysis; contract_analysis_runs.source_context; contracts.analysis_human_fields","","","false","false","false","packages/db/migrations/0105_flowery_doctor_spectrum.sql"
"106","0106_funny_hulk","1789099999750","true","PASS","contract_analysis_runs.lease_at","","","false","false","false","packages/db/migrations/0106_funny_hulk.sql"
"107","0107_sour_the_watchers","1789107009263","true","PASS","conversion_drafts.lease_at","","","false","false","false","packages/db/migrations/0107_sour_the_watchers.sql"
"108","0108_normal_psynapse","1789107305658","true","PASS","contract_analysis_runs.created_at; contract_analysis_runs.updated_at; conversion_drafts.updated_at","","","false","false","false","packages/db/migrations/0108_normal_psynapse.sql"
